Workbook

Sheet Test Corpus
A1: IFC test corpus plan
A2: Variety matters more than count. Update the yellow Status column as files are collected - the Summary sheet recalculates.
A4: # | B4: Purpose | C4: Authoring tool | D4: IFC version | E4: Discipline | F4: Building type | G4: Quality | H4: Tier | I4: Suggested source | J4: Status | K4: Notes
A5: 1 | B5: Old Revit export baseline | C5: Revit 2011 | D5: IFC2x3 | E5: Architecture | F5: Small residential | G5: Clean | H5: Minimum | I5: NIBS Duplex (already tested) | J5: Have | K5: Exporter quirks found: surface-model winding, junction overlaps
A6: 2 | B6: Modern Revit export | C6: Revit (current) | D6: IFC4 | E6: Architecture | F6: Multi-storey residential / office | G6: Clean | H6: Minimum | I6: buildingSMART Sample-Test-Files or own re-export | J6: Missing | K6: Modern exporter differs greatly from 2011
A7: 3 | B7: ArchiCAD architecture | C7: ArchiCAD | D7: IFC2x3 | E7: Architecture | F7: Residential | G7: Real project | H7: Minimum | I7: Schependomlaan dataset (GitHub) - verify authoring tool | J7: Missing
A8: 4 | B8: ArchiCAD architecture, newer schema | C8: ArchiCAD | D8: IFC4 | E8: Architecture | F8: Multi-storey | G8: Clean | H8: Confident | I8: Firm or vendor sample | J8: Missing
A9: 5 | B9: Structural concrete with reinforcement | C9: Tekla Structures | D9: IFC4 | E9: Structure | F9: Concrete frame | G9: Clean | H9: Minimum | I9: Tekla sample / firm | J9: Missing | K9: Tests rebar, precast, assemblies
A10: 6 | B10: Structural steel | C10: Tekla Structures | D10: IFC2x3 | E10: Structure | F10: Steel hall / industrial | G10: Clean | H10: Confident | I10: Tekla sample / firm | J10: Missing | K10: Tests profiles, mass by section
A11: 7 | B11: Revit structure | C11: Revit (current) | D11: IFC4 | E11: Structure | F11: Office | G11: Clean | H11: Confident | I11: NIBS Office set | J11: Missing
A12: 8 | B12: Installations | C12: Revit MEP | D12: IFC2x3 | E12: MEP | F12: Office / clinic | G12: Clean | H12: Confident | I12: NIBS Office or Clinic set | J12: Missing | K12: Pipes, ducts, fittings: count + length logic
A13: 9 | B13: Allplan export | C13: Allplan | D13: IFC4 | E13: Architecture / precast | F13: Residential / commercial | G13: Clean | H13: Confident | I13: Firm or vendor sample | J13: Missing | K13: Strong in DACH markets
A14: 10 | B14: Secondary BIM tool | C14: Vectorworks or BricsCAD BIM | D14: IFC4 | E14: Architecture | F14: Any | G14: Clean | H14: Confident | I14: Vendor sample | J14: Missing
A15: 11 | B15: Native-IFC authoring | C15: Bonsai / BlenderBIM | D15: IFC4 | E15: Architecture | F15: Any | G15: Clean | H15: Minimum | I15: Self-created or community samples | J15: Missing | K15: Different patterns: IFC-native, often richer data
A16: 12 | B16: Open-source alternative | C16: FreeCAD | D16: IFC4 | E16: Architecture | F16: Any | G16: Varies | H16: Optional | I16: Self-created | J16: Missing
A17: 13 | B17: Federated set (same project) | C17: Revit (mixed) | D17: IFC2x3 | E17: Arch + Struct + MEP | F17: Office | G17: Clean | H17: Minimum | I17: NIBS Office set | J17: Missing | K17: Tests cross-model duplicates and ownership rules
A18: 14 | B18: Federated set, real project | C18: Mixed tools | D18: IFC2x3 / IFC4 | E18: Arch + Struct | F18: Any | G18: Real project | H18: Confident | I18: Firm partnership | J18: Missing | K18: Ideally different tools per discipline
A19: 15 | B19: Messy real-world architecture | C19: Any | D19: Any | E19: Architecture | F19: Any | G19: Messy | H19: Confident | I19: Firm partnership | J19: Missing | K19: Missing materials, odd naming, overlaps
A20: 16 | B20: Messy real-world structure | C20: Any | D20: Any | E20: Structure | F20: Any | G20: Messy | H20: Confident | I20: Firm partnership | J20: Missing
A21: 17 | B21: Export-settings robustness | C21: Revit (current) | D21: IFC4 | E21: Architecture | F21: Same model x3 | G21: Clean | H21: Confident | I21: Own exports: base quantities on/off, split by level | J21: Missing | K21: Same model exported 3 ways
A22: 18 | B22: Infrastructure schema | C22: Civil 3D / other | D22: IFC4.3 | E22: Infrastructure | F22: Road / bridge | G22: Clean | H22: Optional | I22: buildingSMART Sample-Test-Files | J22: Missing | K22: Only if scope includes infrastructure
A23: 19 | B23: Accuracy reference A | C23: Any | D23: Any | E23: Architecture | F23: Residential | G23: Real project | H23: Accuracy | I23: Firm partnership + professional BoQ | J23: Missing | K23: Needs IFC + hand-measured BoQ under known rulebook
A24: 20 | B24: Accuracy reference B | C24: Any | D24: Any | E24: Arch + Struct | F24: Commercial | G24: Real project | H24: Accuracy | I24: Firm partnership + professional BoQ | J24: Missing
A25: 21 | B25: Accuracy reference C | C25: Any | D25: Any | E25: Any | F25: Different type | G25: Real project | H25: Accuracy | I25: Firm partnership + professional BoQ | J25: Missing

Sheet Summary
A1: Coverage summary
A2: All figures are formulas over the Test Corpus sheet.
A4: Tier | B4: What it proves | C4: Target files | D4: Have | E4: Remaining | F4: % collected
A5: Minimum | B5: Basic test: engine is not tied to one tool (~6 files) | C5: =COUNTIFS('Test Corpus'!$H$5:$H$25,A5) -> 6 | D5: =COUNTIFS('Test Corpus'!$H$5:$H$25,A5,'Test Corpus'!$J$5:$J$25,"Have") -> 1 | E5: =C5-D5 -> 5 | F5: =IF(C5=0,0,D5/C5) -> 0.16666667
A6: Confident | B6: Relatively confident working engine (Minimum + Confident = ~15-20 files) | C6: =COUNTIFS('Test Corpus'!$H$5:$H$25,A6) -> 10 | D6: =COUNTIFS('Test Corpus'!$H$5:$H$25,A6,'Test Corpus'!$J$5:$J$25,"Have") -> 0 | E6: =C6-D6 -> 10 | F6: =IF(C6=0,0,D6/C6) -> 0
A7: Optional | B7: Extra coverage: open-source tools, infrastructure | C7: =COUNTIFS('Test Corpus'!$H$5:$H$25,A7) -> 2 | D7: =COUNTIFS('Test Corpus'!$H$5:$H$25,A7,'Test Corpus'!$J$5:$J$25,"Have") -> 0 | E7: =C7-D7 -> 2 | F7: =IF(C7=0,0,D7/C7) -> 0
A8: Accuracy | B8: Separate requirement: output matches a professional BoQ | C8: =COUNTIFS('Test Corpus'!$H$5:$H$25,A8) -> 3 | D8: =COUNTIFS('Test Corpus'!$H$5:$H$25,A8,'Test Corpus'!$J$5:$J$25,"Have") -> 0 | E8: =C8-D8 -> 3 | F8: =IF(C8=0,0,D8/C8) -> 0
A9: Engine-ready | B9: Minimum + Confident | C9: =C5+C6 -> 16 | D9: =D5+D6 -> 1 | E9: =C9-D9 -> 15 | F9: =IF(C9=0,0,D9/C9) -> 0.0625
A11: Coverage by dimension
A12: Dimension | B12: Value | C12: Files planned | D12: Have
A13: Tool | B13: Revit | C13: =COUNTIFS('Test Corpus'!$C$5:$C$25,"*"&B13&"*") -> 6 | D13: =COUNTIFS('Test Corpus'!$C$5:$C$25,"*"&B13&"*",'Test Corpus'!$J$5:$J$25,"Have") -> 1
A14: Tool | B14: ArchiCAD | C14: =COUNTIFS('Test Corpus'!$C$5:$C$25,"*"&B14&"*") -> 2 | D14: =COUNTIFS('Test Corpus'!$C$5:$C$25,"*"&B14&"*",'Test Corpus'!$J$5:$J$25,"Have") -> 0
A15: Tool | B15: Tekla | C15: =COUNTIFS('Test Corpus'!$C$5:$C$25,"*"&B15&"*") -> 2 | D15: =COUNTIFS('Test Corpus'!$C$5:$C$25,"*"&B15&"*",'Test Corpus'!$J$5:$J$25,"Have") -> 0
A16: Tool | B16: Allplan | C16: =COUNTIFS('Test Corpus'!$C$5:$C$25,"*"&B16&"*") -> 1 | D16: =COUNTIFS('Test Corpus'!$C$5:$C$25,"*"&B16&"*",'Test Corpus'!$J$5:$J$25,"Have") -> 0
A17: Tool | B17: Bonsai | C17: =COUNTIFS('Test Corpus'!$C$5:$C$25,"*"&B17&"*") -> 1 | D17: =COUNTIFS('Test Corpus'!$C$5:$C$25,"*"&B17&"*",'Test Corpus'!$J$5:$J$25,"Have") -> 0
A18: IFC version | B18: IFC2x3 | C18: =COUNTIFS('Test Corpus'!$D$5:$D$25,"*"&B18&"*") -> 6 | D18: =COUNTIFS('Test Corpus'!$D$5:$D$25,"*"&B18&"*",'Test Corpus'!$J$5:$J$25,"Have") -> 1
A19: IFC version | B19: IFC4 | C19: =COUNTIFS('Test Corpus'!$D$5:$D$25,"*"&B19&"*")-COUNTIFS('Test Corpus'!$D$5:$D$25,"*IFC4.3"&"*") -> 10 | D19: =COUNTIFS('Test Corpus'!$D$5:$D$25,"*"&B19&"*",'Test Corpus'!$J$5:$J$25,"Have")-COUNTIFS('Test Corpus'!$D$5:$D$25,"*IFC4.3"&"*",'Test Corpus'!$J$5:$J$25,"Have") -> 0
A20: IFC version | B20: IFC4.3 | C20: =COUNTIFS('Test Corpus'!$D$5:$D$25,"*"&B20&"*") -> 1 | D20: =COUNTIFS('Test Corpus'!$D$5:$D$25,"*"&B20&"*",'Test Corpus'!$J$5:$J$25,"Have") -> 0
A21: Discipline | B21: Architecture | C21: =COUNTIFS('Test Corpus'!$E$5:$E$25,"*"&B21&"*") -> 11 | D21: =COUNTIFS('Test Corpus'!$E$5:$E$25,"*"&B21&"*",'Test Corpus'!$J$5:$J$25,"Have") -> 1
A22: Discipline | B22: Structure | C22: =COUNTIFS('Test Corpus'!$E$5:$E$25,"*"&B22&"*") -> 5 | D22: =COUNTIFS('Test Corpus'!$E$5:$E$25,"*"&B22&"*",'Test Corpus'!$J$5:$J$25,"Have") -> 0
A23: Discipline | B23: MEP | C23: =COUNTIFS('Test Corpus'!$E$5:$E$25,"*"&B23&"*") -> 2 | D23: =COUNTIFS('Test Corpus'!$E$5:$E$25,"*"&B23&"*",'Test Corpus'!$J$5:$J$25,"Have") -> 0
A24: Quality | B24: Messy | C24: =COUNTIFS('Test Corpus'!$G$5:$G$25,"*"&B24&"*") -> 2 | D24: =COUNTIFS('Test Corpus'!$G$5:$G$25,"*"&B24&"*",'Test Corpus'!$J$5:$J$25,"Have") -> 0
A26: Note: plain AutoCAD is not a meaningful IFC source - IFC comes from BIM authoring tools.

Sheet Dimensions
A1: What variety the corpus must cover
A2: From the analysis: variety beats volume - 50 Revit files teach less than 10 from different tools.
A4: Dimension | B4: Why it matters | C4: Minimum to cover
A5: Authoring tool | B5: Each exports differently: materials, quantities, geometry types, naming | C5: Revit, ArchiCAD, Tekla Structures, one of Allplan / Vectorworks / BricsCAD, one native-IFC tool (Bonsai/BlenderBIM or FreeCAD)
A6: IFC version | B6: IFC2x3, IFC4 and IFC4.3 store things differently | C6: IFC2x3 and IFC4 (IFC4.3 for infrastructure)
A7: Exporter age | B7: A 2011 Revit export differs greatly from a current one | C7: One old export, several current ones
A8: Discipline | B8: Architecture, structure and MEP stress different logic | C8: All three, ideally from the same project
A9: Building type | B9: Small timber residential vs concrete multi-storey vs steel hall | C9: 3 types
A10: Model quality | B10: Clean sample files hide real-world mess | C10: At least 2 messy real-project files
A11: Export settings | B11: Same model exported with base quantities on/off or split differently tests robustness | C11: 1 model exported 2-3 ways

Sheet Sources
A1: Free starting sources
A2: Cover roughly the first half of the plan. Messy files and professional BoQs must come from firms.
A4: Source | B4: What it offers | C4: Where
A5: buildingSMART Sample-Test-Files | B5: Official test files across IFC versions (incl. IFC4.3) | C5: GitHub (buildingSMART)
A6: NIBS / COBie sample buildings | B6: Duplex (already tested), Office and Clinic models; some with structural and MEP files - usable as federated sets | C6: NIBS common BIM files
A7: Schependomlaan dataset | B7: Real Dutch residential project, multiple disciplines | C7: GitHub
A8: Own exports | B8: Same model exported with different settings; Bonsai/FreeCAD models created yourself | C8: Self-made
A9: Firm partnerships | B9: Messy real-world files, federated real projects, and professional BoQs for accuracy | C9: Required - no public substitute
